{
  "corners1": [
    [
      495.0,
      515.0
    ],
    [
      1025.0,
      515.0
    ],
    [
      1025.0,
      1017.0
    ],
    [
      495.0,
      1017.0
    ]
  ],
  "corners2": [
    [
      84.26234436035156,
      804.6244506835938
    ],
    [
      440.7593688964844,
      335.414794921875
    ],
    [
      885.0379028320312,
      672.1427612304688
    ],
    [
      529.2160034179688,
      1142.7991943359375
    ]
  ],
  "H12": [
    [
      0.6754624424344385,
      0.8859768021174592,
      -706.2795071959562
    ],
    [
      -0.8846443973327366,
      0.6714968845920565,
      897.5630008481403
    ],
    [
      4.780901784081038e-06,
      -2.5187218855287122e-06,
      1.0
    ]
  ],
  "H21": [
    [
      0.5445186352560757,
      -0.7145926458705977,
      1025.9742732442508
    ],
    [
      0.7184215504500668,
      0.5486254108367286,
      14.980548774121633
    ],
    [
      -7.937863642930018e-07,
      4.798232239543344e-06,
      1.0
    ]
  ]
}